,Race_Categories,Gender_Category,ParentGuardianEducation,CareerStage_NRMNCC_4
Race_Categories,1.0,0.06508179258591426,0.06320906006789644,0.09354892862974444
Gender_Category,0.06508179258591426,1.0,0.02805936054860965,0.06967257874829079
ParentGuardianEducation,0.06320906006789644,0.02805936054860965,1.0,0.03739629147696783
CareerStage_NRMNCC_4,0.09354892862974441,0.06967257874829079,0.03739629147696783,1.0
