,Race_Categories,Gender_Category,ParentGuardianEducation,CareerStage_NRMNCC_4
Race_Categories,1.0,0.04210756806210018,0.3022160243465561,0.08975437594172847
Gender_Category,0.04210756806210018,1.0,0.026466414177906235,0.10851413648534448
ParentGuardianEducation,0.3022160243465561,0.026466414177906235,1.0,0.23612423356690043
CareerStage_NRMNCC_4,0.08975437594172847,0.10851413648534448,0.23612423356690043,1.0
